ID,Заголовок,Заголовок (англ),Авторы,Авторы (англ),Анонс,Анонс (англ),Ключевые слова,Ключевые слова (англ),Рубрика,Год выхода,Номер журнала или Код спецвыпуска,DOI,Партнер
zzr-2020-SV-001,Новые рынки — новые возможности,"New markets, new opportunities",В. Кравченко,V. Kravchenko,"В статье проанализирована ситуация на мировом и российском рынках продукции свиноводства, актуальные тенденции и прогнозы на ближайшее будущее.",,"рынок продукции свиноводства, производство свинины, экспорт и импорт свинины, выход российских свиноводческих предприятий на рынки Китая и Вьетнама",,АКТУАЛЬНО,2020,sv,,Центр Агроаналитики
zzr-2020-SV-002,Продуктивность свинок разного типа телосложения,Performance of pigs with different types of constitution,Д. Ходосовский,D. Khodosovsky,"Ремонтные свинки переходного типа телосложения, в отличие от животных эйрисомного (широкотелые особи) и лептосомного (узкотелые особи) типов, характеризуются более высокой продуктивностью, а значит, наиболее приспособлены к условиям производства на свинокомплексе. ",,"эйрисомный, лептосомный и переходный типы телосложения свиней, широкотелые и узкотелые ремонтные свинки, продуктивность свиноматок переходного типа",,ПЛЕМЕННОЕ ДЕЛО,2020,sv,10.25701/ZZR.2019.67.25.003,
zzr-2020-SV-003,Интенсивность роста молодняка и мясность свиней,Growth intensity of young animals and meatness of pigs,"Л. Гришина, А. Волощук, А. Краснощёк","L. Grishina, A. Voloshchuk, A. Krasnoshchyok","Лучшими откормочными качествами обладают свиньи генотипа КБ × Л, а также все помесные подсвинки класса плюс-вариант. Использование производителей мясных генотипов способствовало увеличению содержания мяса в тушах помесного молодняка на 3,61–4,92%. ",,"чистопородные свиньи, помесный молодняк, свиньи породы крупная белая, ландрас и пьетрен, генотип КБ × Л, КБ × П, мясные и откормочные качества свиней",,ПЛЕМЕННОЕ ДЕЛО,2020,sv,10.25701/ZZR.2020.12.30.007,
zzr-2020-SV-004,Оценка свиноматок по воспроизводительным качествам,Assessment of sows by reproductive qualities,В. Халак,V. Khalak,"Разработана новая математическая модель оценочного индекса, позволяющая определить степень выравненности (однородности) гнезда свиноматки по живой массе поросят при рождении.",,"хряки-производители генотипа 1/2 дюрок × 1/2 пьетрен,  свиноматки крупной белой породы, многоплодие свиноматок, крупноплодность поросят, индекс выравненности (однородности) гнезда свиноматки по живой массе поросят на дату их рождения (ІВГ0)",,ПЛЕМЕННОЕ ДЕЛО,2020,sv,10.25701/ZZR.2019.79.36.011,
zzr-2020-SV-005,Преимущества линейного разведения свиней,Advantages of linear pig farming,"Н. Соколов, Н. Зелкова","N. Sokolov, N. Zelkova",Использование в товарном свиноводстве линейного разведения как элемента системы гибридизации позволяет непрерывно совершенствовать продуктивные качества стада.,,"линейное разведение свиней, материнская линия свиней породы крупная белая мясного типа, свиноматки пород крупная белая, ландрас и йоркшир, хряки-производители пород ландрас, дюрок и пьетрен, отбор ремонтного молодняка",,ПЛЕМЕННОЕ ДЕЛО,2020,sv,10.25701/ZZR.2019.53.15.008,
zzr-2020-SV-006,Используем хелаткомплексные препараты,Using chelation products,"А. Бушов, А. Сергатенко, Е. Савина","A. Bushov, A. Sergatenko, E. Savina",Для профилактики и лечения анемии у поросят-сосунов вместо традиционно применяемых железодекстранов целесообразно использовать хелаткомплексные соединения биогенных микроэлементов.,,"профилактика и лечение гипохромной микроцитарной анемии поросят-сосунов, железодекстраны, хелаткомплексные соединения биогенных микроэлементов",,ВЕТЕРИНАРИЯ,2020,sv,10.25701/ZZR.2019.26.92.014,
zzr-2020-SV-007,Сувакцин® PRRS MLV — иммунизация свиней с первых дней жизни,Immunization of pigs from 1 day of age with Suvaxyn® PRRS MLV,Ф. Ширяев,F. Shiryaev,"Новая вакцина Сувакцин® PRRS MLV, созданная специалистами компании Zoetis, позволяет иммунизировать поросят против РРСС с первого дня жизни.",,"репродуктивно-респираторный синдром свиней, Сувакцин® PRRS MLV, Zoetis, вакцинация поросят в раннем возрасте",,ВЕТЕРИНАРИЯ,2020,sv,,Zoetis
zzr-2020-SV-008,Микроклимат для ремонтного молодняка,Microclimate for replacement young animals,Д. Ходосовский,D. Khodosovsky,"При выращивании ремонтных свинок мясного направления продуктивности температуру в помещении необходимо поддерживать на уровне 20–24 °С, чтобы увеличить число животных, пришедших в охоту. ",,"выращивание ремонтных свинок, микроклимат на свинокомплексе, супоросные свиньи, число поросят в помете, процент осеменений",,ТЕХНОЛОГИИ,2020,sv,10.25701/ZZR.2019.88.19.016,
zzr-2020-SV-009,Получаем мясо и сало высокого качества,Producing high quality meat and fat,"И. Шейко, Р. Шейко","I. Sheyko, R. Sheyko",Для получения продукции высокого качества (мяса и сала) родительских свинок F1 генотипов Л × Й и Й × Л целесообразно скрещивать с хряками ультрамясных пород пьетрен и дюрок.,,"свинки генотипов Л × Й и Й × Л, хряки пород дюрок и пьетрен, помесный молодняк, мясо с пороками PSE и DFD",,ТЕХНОЛОГИИ,2020,sv,10.25701/ZZR.2019.74.73.015,
zzr-2020-SV-010,Пробитокс — адсорбент нового поколения,Probitox: adsorbent of the new generation,К. Кравченко,K. Kravchenko,"Адсорбент Пробитокс эффективно связывает микотоксисны, трансформирует их в неопасные соединения и элюирует из организма животных и птицы, улучшая работу ЖКТ и производственные показатели.",,"Пробитокс, ООО «Инновационное предприятие «Апекс Плюс», адсорбент микотоксинов",,КОРМА,2020,sv,,Апекс плюс
zzr-2020-SV-011,"Технологии, которые выбирают лидеры",Technologies chosen by the leaders,Т. Зимина,T. Zimina,Фирма Scandinavian Farms открыла уже второй крупный свинокомплекс в Китае и полностью оснастила его оборудованием известного производителя — нидерландской компании Nedap.,,"Scandinavian Farms, Nedap, электронная система кормления свиноматок, автоматическое взвешивание свиней, сортировка свиней, автоматическое выявление свиноматок в охоте",,ТЕХНОЛОГИИ,2020,sv,,Nedap
zzr-2020-SV-012,Лечение поросят с врожденной гипотрофией,Treatment of piglets with congenital hypotrophy,А. Демидович,A. Demidovich,Применение лимонной кислоты при лечении поросят-гипотрофиков способствует повышению их сохранности и увеличению интенсивности роста.,,"поросята-нормотрофики, лимонная и янтарная кислота для лечения поросят-гипотрофиков, высокая энергия роста мелковесных поросят",,КОРМА,2020,sv,10.25701/ZZR.2019.71.46.019,
zzr-2020-SV-013,Высокопродуктивные свиноматки: фокус на пищеварении,Hyperprolific sows: focusing on digestion,С. Шеламов,S. Shelamov,"Применение живых дрожжей Saccharomyces cerevisiae var. boulardii CNCM I-1079 (пробиотик Левисел SB) в кормлении супоросных и лактирующих свиноматок позволяет улучшить как производственные, так и экономические показатели.",,"рацион супоросных и лактирующих свиноматок, микрофлора кишечника свиноматок, живые дрожжи Saccharomyces cerevisiae var. boulardii CNCM I-1079, пробиотик Левисел SB, компания «Лаллеманд»",,КОРМА,2020,sv,,Lallemand Animal Nutrition
zzr-2020-SV-014,Биотин в комбикормах для свиноматок,Biotin in compound feeds for sows,В. Соляник,V. Solyanik,"Использование обогащенных биотином комбикормов (рекомендуемая норма ввода — 0,1 мг на 1 кг СВ корма) в первые девять недель супоросности и в подсосный период положительно влияет на многоплодие и молочность свиноматок, а также на сохранность поросят и массу гнезда при отъеме.",,"обогащение комбикормов биотином, витамин В7 в кормлении супоросных и лактирующих свиноматок, первоопороски, многоплодие и молочность свиноматок, сохранность поросят и масса гнезда при отъеме",,КОРМА,2020,sv,10.25701/ZZR.2019.67.46.012,
zzr-2020-SV-015,Сухие яблочные выжимки для поросят,Dry apple residue for piglets,"А. Негреева, Е. Юрьева","A. Negreeva, E. Yuryeva","Замена в рационах для поросят-отъемышей части зерна ячменя сухими яблочными выжимками способствовала увеличению интенсивности роста молодняка, улучшению мясных форм животных и повышению сохранности поголовья. ",,"рационы для поросят-отъемышей, сухие яблочные выжимки в кормосмеси для молодняка на доращивании, сохранность животных в послеотъемный период",,КОРМА,2020,sv,10.25701/ZZR.2019.89.77.002,
zzr-2020-SV-016,Пробиотики при выращивании молодняка,Probiotics for growing young animals,"Н. Филатов, К. Зимин","N. Filatov, K. Zimin","Сохранить здоровье и продуктивность поросят в раннем возрасте помогают пробиотические препараты Моноспорин, Бацелл-М и Пролам производства компании «Биотехагро».",,"барьерная технология выращивания поросят, пробиотики в кормлении молодняка свиней, Моноспорин, Бацелл-М, Пролам, ООО «Биотехагро»",,КОРМА,2020,sv,,Биотехагро
zzr-2020-SV-017,Профилактика сальмонеллеза,Prevention of salmonellosis,"Д. Рамирес, Т. Гуссенс","D. Ramirez, T. Gussens","Кормовая добавка Adimix Precision эффективно подавляет рост сальмонеллы в кишечнике свиней, благодаря чему улучшается состояние здоровья ЖКТ и повышается продуктивность животных.",,"контаминация кормов и продукции сальмонеллой, заболевание животных и человека сальмонеллезом, кормовая добавка Adimix Precision в рационах для свиней на откорме, защищенный бутират, улучшение здоровья кишечника и повышение продуктивности свиней, компания Nutriad International, ООО «Адиссео Евразия»",,КОРМА,2020,sv,,Адиссео Евразия
zzr-2020-SV-018,Микотоксины: три линии защиты,Mycotoxins: three lines of defense,"Е. Копылова, С. Вербицкий","E. Kopylova, S. Verbitsky","Современные методы оценки качества растительного сырья дают возможность обнаружить в нем микотоксины и идентифицировать их, а также подобрать эффективный адсорбент для инактивации токсинов с учетом результатов анализа. ",,"микотоксины, афлатоксин, зеараленон, дезоксиниваленол (ДОН), Т-2 токсин, фумонизин и охратоксин, плесневые грибы  родов Aspergillus, Fusarium, Penicillium, клеточные стенки дрожжей Saccharomyces cerevisiae, микотоксикозы",,КОРМА,2020,sv,10.25701/ZZR.2019.84.47.004,
zzr-2020-SV-019,Поддерживаем здоровье кишечника,Supporting gut health,,,"Использование препарата Актигентм производства компании Alltech Inc. (США) в кормлении поросят-отъемышей позволяет поддерживать здоровье кишечника, увеличить приросты живой массы и повысить рентабельность свиноводческого предприятия.",,"кормление поросят-отъемышей, диарея поросят, маннанобогащенная фракция, препарат Актигентм, компания Alltech Inc., ООО «Оллтек»",,КОРМА,2020,sv,,Alltech
